platform,content_id,comment_id,username,text,likes,replies,create_time,ip_location,relevance,key_info
bilibili,BV1fRZyBiExf,293152215200,Ashely不能用啊,这个教授的整个演讲有一个核心的误区，在演讲的最后他提到“对世界的理解”，但是在整个演讲的过程中，他所说的行业选择也好，培养人物也好，全部是聚焦在AI领域，也就是人类社会中的商业领域中的ai部分下的细分行业，然后得出了这些标准，那么在这么一个层层嵌套的系统中，他只提了最小的那个系统并且以这个系统中的ai的技术能力和未来的发展作为他基本的衡量自己模型的标准，过于狭窄，前面的知识模型的分类也很有问题，后面的人物又太过泛泛而谈。实在是营养价值不高，最后的名人名言听起来也和他之前的主题没什么关系。,4,2,2026-02-22T22:30:17,北京,,
bilibili,BV1fRZyBiExf,290467900945,爱卿莫要胡尔吊扯,"发现问题，定义问题，设计方案。
情商，系统性思考。
兴趣，朝阳行业，复杂性。
数据质量，质量好的是夕阳行业，数据容易收集是夕阳。
人口红利到人物红利。做平台定系统做标准。
T字形人才通过领导力成长为人物。
提问观察社交。",63,0,2026-02-19T19:32:43,北京,,
bilibili,BV1fRZyBiExf,291087575313,璐沐染,"培养学生的四种能力
1，都要学习人工智能
2，人和机器差异化能力
3，人和机器协调能力
只做三件事
1，发现问题
2，形成问题
3，分解问题
软性能力，感知能力，持续学习能力
选择未来行业三个原则：
1，兴趣原则
2，朝阳原则
3，复杂性原则
判断标准：数据质量-数据覆盖度和广度
进入人物红利转移
t型人才，人物是金头脑，人物管理和建设能力风险的控制能力
创新型人才，提问能力，观察能力，社交能力最后知行合一的能力",6,0,2026-02-24T15:19:57,安徽,,
bilibili,BV1fRZyBiExf,293175560832,傻狗gogo,一天到晚说替代替代，就没见过ai把哪个行业的所有从业者替代了，正确的观念应该是从业者如何利用好ai,12,5,2026-02-23T02:06:19,广东,,
bilibili,BV1fRZyBiExf,293156909504,kanaline,判断力和鉴赏能力是需要长时间的学习培养来形成的，但在现在AI如此方便的情况下， 很担心自己一遇到问题，第一反应不是思考，而是找AI，久而久之，思考能力和判断能力就退化了。,5,0,2026-02-22T23:03:40,广东,,
bilibili,BV1fRZyBiExf,290812702017,这猪食其实很难吃,四个字: 需要通才[笑哭]     另外，人的 适应能力 其实就是学习能力 也就是基于数据信息的感知与推理总结，居然说 人工智能 没有适应能力 等着被喂数据，不敢苟同[呲牙] 确切说 只是现在的AI还不能直接和物理世界打交道，世界模型 终究会超越人类……,5,1,2026-02-22T12:03:08,湖北,,
bilibili,BV1fRZyBiExf,292702773408,玫羲_Macy_Studios,"熊輝副校長提到
我們要教學生學會三件事 ""發現問題 形成問題 分解問題"" 

但我想問
 ""AI在3年後，是否有可能比人類更擅長 發現問題 形成問題 分解問題 ? ""

如果有可能
我們又該教學生什麼?

從AI的原理和發展軌跡來看
99%的工作都有可能用AI取代人類
除了 ""幼兒教育  需要味覺和嗅覺 等工作"" 外 

因此
政府必須先假設這種可能性是存在的
才能提早規劃
譬如 
很多民生必需品和房屋建設
必須 ""國營化 並用AI提升效率和創新力 解決國企競爭力不足的問題""

也許這樣才有可能順利轉型到AI時代
[保佑]",17,0,2026-02-19T17:45:54,中国台湾,,
bilibili,BV1fRZyBiExf,293306356560,Tinytroop-A,现代人最重要的是要有识别真假的能力，以及感知环境的能力。很多人根本不会感知环境，他们不清楚自己生活的社会/公司/家庭的运行规则，制度。同时他们也无法洞察周围环境/教育/各类人的各种说法背后的目的，以及这些信息对他们自己人生的影响。,3,0,2026-02-24T01:44:16,湖南,,
bilibili,BV1fRZyBiExf,292996917232,一只花散里,人来发现问题，形成问题，分解问题，AI解决，效率会高很多倍,5,0,2026-02-21T19:53:21,广东,,
bilibili,BV1fRZyBiExf,292753267600,人类观察员澧君,我觉得能赢的未来靠的是勇气、好奇心（兴趣）、敬畏、与大格局这四种品质！有勇气迈出去，有好奇心去探索实践，有敬畏心知道边界，有格局能长远发展，造福人类！,10,0,2026-02-20T00:38:47,山西,,
bilibili,BV1fRZyBiExf,293394683440,北公园的长凳,理工人世界观中的AI，实用，却并不完整。,2,0,2026-02-24T19:44:15,江苏,,
bilibili,BV1fRZyBiExf,293161821568,计神JiShen,无意间点开这个视频，原以为这种近半小时的演讲我会轻轻地划过。但是渐渐被熊校长阐述的观点与思想所吸引，一气呵成地听完了。真的把目前这个时代现状表述的非常贴切，也被熊校长对AI应用思维所折服，不是理论式的说教，而是可同样复制使用的方法。希望后续有机会听到熊校长更多的分享。,4,0,2026-02-22T23:43:07,福建,,
bilibili,BV1fRZyBiExf,293545764672,大兔子出门溜达,有卵的个职位。,0,0,2026-02-25T22:09:33,四川,,
bilibili,BV1fRZyBiExf,290652741729,石冠王,举个例子，口腔医学，虽然已经有机器人种植了，依旧是人操作机器，一旦涉及到其他牙体牙髓、精细化口腔修复、以及复杂阻生牙的情况，就算是最顶级的AI目前几乎完全不可能完成，纯靠人工判断手动处理，替代性极低，即使以后真的能替代人工，从成本来看，完全不能普及，也不会有钻石王老五购买使用，当然了这也是很可悲的地方，因为医学不是一个令人愉快的行业，你要问有什么感兴趣并且前景好发展空间大的行业，在目前这个幻灭的时代，我没法回答，因为唯一不变的就是变[doge][doge][doge][doge][doge][doge],20,13,2026-02-21T05:56:05,湖北,,
bilibili,BV1fRZyBiExf,290913617281,求取关,BV1zLvmBnE57大家记得以后对AI说话客气些，哪天审判时兴许能放过自己[打call][打call]特留此评论，请未来天网之主明鉴[保佑][保佑],1,0,2026-02-23T03:59:57,四川,,
bilibili,BV1fRZyBiExf,290966488769,diqiuyi,"人工智能时代，教育该如何破局与重塑
在人工智能技术飞速发展、大模型全面渗透的当下，传统教育体系正面临前所未有的冲击与挑战。如何重新定位教育目标、调整育人方式，成为教育领域必须回答的时代命题。
当前，人工智能已在知识记忆、灵活运用等层面超越人类，传统以知识传授为核心的教育模式逐渐失效。为此，教育必须跳出知识灌输，转向更高层级的能力培养，即从 “博文强制”“触类旁通” 升级为 “一叶知秋” 的预测推理能力与 “无中生有” 的原始创新能力。这两大能力是人类区别于 AI 的核心优势，也是未来教育的核心方向。
人工智能时代，人的独特价值不再体现为知识储备量，而集中在三大关键能力：一是从 0 到 1 的原创突破能力，这是 AI 难以复制的核心竞争力；二是精准提问与高效驾驭 AI 工具的能力，能最大化发挥技术价值；三是审美鉴赏与价值判断能力，在信息爆炸中保持独立思考与品位。同时，情感、同理心、非线性创造力等软性技能，因难以数据化，成为 AI 难以替代的人类特质。
面对技术变革，不少教育工作者产生深刻焦虑。核心原因在于，善用 AI 者学习与工作效率呈指数级提升，而被动应对者只能线性成长，人与人之间的能力差距被快速拉大。AI 可大幅缩短文献研读、知识吸收的时间，让个体阅读量与学习深度实现质的飞跃，但目前真正掌握 AI 赋能学习与工作的人群仍占少数，教育界整体认知明显不足。
未来教育必须培养人机协同的新型人才，让学生既会运用人工智能，又具备机器不具备的隐性能力。教育界应坚持 “寓教于做、知行合一”，将真实课题、实践场景引入课堂，让学生在动手解决问题中掌握 “可意会不可言传” 的非数据化知识，形成实践智慧。
在行业选择与人才培养上，应遵循兴趣、朝阳、复杂三大原则，优先选择数据基础薄弱、收集成本高的领域，这类行业更具发展潜力。新时代需要的不再只是专业精深的 “人才”，而是具备领导力、平台搭建、标准制定、风险把控能力的 “金头脑” 式人物。他们拥有强大提问力、观察力、社交力与创新力，能够带领团队适应变化、组织创新。
人工智能不是教育的对立面，而是教育升级的催化剂。唯有放弃机械知识传授，聚焦创新、推理、实践与情感价值，构建人机协同的教育新生态，才能培养出真正适应未来、引领未来的时代新人。",5,0,2026-02-23T16:04:44,河南,,
bilibili,BV1fRZyBiExf,292642640928,Travel-in-world,博闻强识，触类旁通，一叶知秋，无中生有，天人合一。,4,0,2026-02-19T04:46:48,河北,,
bilibili,BV1fRZyBiExf,293298856432,内心的安宁,这种演讲典型就是被网络上信息洗洗脑太多的。AI 模型并没有想象的那么好。在用的人就会理解 AI 模型的缺点。,1,1,2026-02-24T00:17:52,山东,,
bilibili,BV1fRZyBiExf,292616474640,亦谦人,好厉害，会有提词器吗，一气呵成30min高质量输出,4,1,2026-02-18T22:29:18,浙江,,
bilibili,BV1fRZyBiExf,293058821392,吃定彩虹v,发人深省，好的提问能力和鉴赏能力十分难得，考验的是人对事物和本质的好奇以及对于美好的极致追求。在时代的飞轮下，我们最终的目标和归宿也许不过就是，回归人的本质，找到自己的热爱，让自己快乐，满足，幸福，与世界和他人、机器人🤖和谐相处。,2,0,2026-02-22T09:23:33,浙江,,
bilibili,BV1fRZyBiExf,290305819025,22222ef,人机协同的问题背后是精神文明建设的问题 从黑格尔及前的哲学分析 那人类社会就是要被ai和机器取代的 因为人类探索绝对精神的过程正在被ai取代  人类社会直接完蛋了  以后社会的工作赚钱越来越像乞丐一样要钱了 因为精神文明的劳动建设是很难拿钱完全量化的 从事科学探索和工程技术的人只是少数人 大多数人是没必要体力劳动多久来赚钱的 普及ai的使用远远比担心ai取代人有价值 拿现有人类的生存生产方式看待未来的ai 本身就是静止的观点,7,4,2026-02-18T12:04:28,江苏,,
bilibili,BV1fRZyBiExf,293398999136,Yuyuyuyuyuyiiii,"这是一个“道”与“术”的关系。
“术”（可标准化、可重复的部分）会被AI不断学习，从而让行业的基础水平线提升。
而“道”（无法言传的直觉、创造力、情感核心）则成为更高阶的护城河。
行业不会消失，但对从业者的要求会更高，必须从“掌握术”向“体悟道”跃迁。

从执行者变为定义者和赋能者，从依赖个人经验变为驾驭人机混合的集体智能，
在被AI不断冲刷的“术”的浅滩上，向更深邃、更人性、更独特的“道”的高地持续攀登。",1,0,2026-02-24T20:17:22,浙江,,
bilibili,BV1fRZyBiExf,290793360721,ziheng0525,讲的真好，极具启发，醍醐灌顶，值得深度思考~感谢大神的分享,5,0,2026-02-22T08:37:13,江苏,,
bilibili,BV1fRZyBiExf,290817877153,雨翼YUYI,[笑哭]不可言传的东西也迟早数据化。,2,2,2026-02-22T12:47:46,重庆,,
bilibili,BV1fRZyBiExf,293410013376,Hi_ztgo,首先是 医学 智能，解决长寿问题~；其他都可能是夸夸其谈,0,0,2026-02-24T21:42:22,广东,,
bilibili,BV1fRZyBiExf,290871164865,Hold-on1,这究竟是财富还是灾难？,1,2,2026-02-22T20:35:59,江苏,,
bilibili,BV1fRZyBiExf,293231401488,传说中的子杭,@AI课代表 帮我总结一下这个视频,0,0,2026-02-23T15:21:44,重庆,,
bilibili,BV1fRZyBiExf,291012827329,种地小汪,如果说过去的人才强调的是对一个领域具有足够多知识，那这个时代的人才可能更加强调的是能够「快速适应环境」、「理解、拆解和提出问题」的能力，终身学习从未如此重要。,1,1,2026-02-23T22:18:28,湖北,,
bilibili,BV1fRZyBiExf,293172647072,夜中微芒,进入天赋开发时代,1,1,2026-02-23T01:25:44,广东,,
bilibili,BV1fRZyBiExf,293132728112,zouhao1985,@AI程序员 帮我总结下,0,0,2026-02-22T20:06:44,福建,,
bilibili,BV1fRZyBiExf,292702366032,农场与花园,@Ai好记总结视屏,1,0,2026-02-19T17:42:58,广东,,
bilibili,BV1fRZyBiExf,291069687761,方脸老杨,听稿子确实有一股子ai味,0,0,2026-02-24T12:34:20,浙江,,
bilibili,BV1fRZyBiExf,291114702417,主动健康的小辛,额中医针灸好像可以[doge],0,0,2026-02-24T19:13:59,北京,,
bilibili,BV1fRZyBiExf,290760112145,暮雨洒江天,自从有了刀叉，我吃饭就更快了，一般要咀嚼十口的饭菜现在我用餐具帮我切碎我嚼两口就吃完了，有时候我还会剔掉那些没有营养的部分，这样我就吃得更健康了。感谢发明刀叉的人，我每天可以吃好多顿饭，身体素质越来越好了。,1,1,2026-02-21T22:43:41,江苏,,
bilibili,BV1fRZyBiExf,293510389728,叶子-114514-,认知的三个境界。博闻强识，触类旁通，无中生有。,0,0,2026-02-25T17:55:33,陕西,,
bilibili,BV1fRZyBiExf,290838751361,Hize汐泽,"问题是数据的真实性和机器人的可靠性，
搞个托老机器人帮老人晒太阳，可别给晒出皮肤病来[doge]",0,0,2026-02-22T16:03:35,内蒙古,,
bilibili,BV1fRZyBiExf,293118294032,soft_drinks,有没有更落地的方法,0,0,2026-02-22T18:17:07,山西,,
bilibili,BV1fRZyBiExf,293149997184,jasonact,@AI总结助理 帮我总结该视频的核心观点和学方法,0,0,2026-02-22T22:14:28,重庆,,
bilibili,BV1fRZyBiExf,292989502064,劳尘众生,人会用比自己还聪明的东西吗 那是它用你 不是你用它 ai比人更懂经营公司赚钱 更懂投资 还在技术上更加专业 这是ai全面超越人 应该是所有人都被ai使用才对 国家竞争成智能体竞争 所有人在科技面前都是平等的 这就是科技平权,0,0,2026-02-21T18:59:48,浙江,,
bilibili,BV1fRZyBiExf,290485971025,极核子,主要讲的是感受到了什么? 感受是一种体验，不是结论，不需要奉为真理,0,0,2026-02-19T22:01:11,重庆,,
bilibili,BV1fRZyBiExf,292711006496,明天太热,会有的，但是不关键,0,0,2026-02-19T18:57:00,韩国,,
bilibili,BV1fRZyBiExf,292797828016,我是吐宝宝,@AI总结助理 总结视频内容，总结为10句话。,0,1,2026-02-20T12:36:20,广东,,
bilibili,BV1fRZyBiExf,292932584144,Tony_雨沫,你说AI远远超过人类 暂时看还不敢苟同，不管是什么类型的ai都起源于人类物质基础和各种基于现实的算法或者研究，他是一个很好的工具，如果说超过那岂不是可以已有生长，自我迭代成长为一个独立的生物体，它是人类用于集大成的工具，但人类社会回去研究思考更为高深的前沿！,0,2,2026-02-21T11:39:59,上海,,
bilibili,BV1fRZyBiExf,292700536512,潜行的派派星,难以数据化，就只能用成绩结果变现了,0,3,2026-02-19T17:26:01,上海,,
bilibili,BV1fRZyBiExf,292468439744,AI全文总结,"AI课代表总结：
熊辉剖析AI对职业格局的颠覆性影响，指出当前AI已全面超越人类在知识记忆与跨领域应用水平，人类唯一不可替代的价值在于0-1创新及配套能力，亟需重构教育与职业战略以适配人机协同新时代。

要点:
- 🔍 提问能力是激活AI潜力的核心钥匙
- 💡 0~1创新构成人类对抗AI的终极护城河
- 🤝 人机协同劳动体将成为职场主流生产力形态
- 🎯 职业抉择坚守兴趣、朝阳性（数据质差）、复杂性（数据难获）黄金三角",13,0,2026-02-17T18:45:09,江苏,,
bilibili,BV1fRZyBiExf,293476601520,徐大王天下无敌,@AI视频总结   总结下视频核心内容并发我,1,0,2026-02-25T12:52:06,四川,,
bilibili,BV1fRZyBiExf,290455738993,Ai好记,"📝总结一下：1. 人工智能已超越人类教育的初级阶段：当前基于大模型的人工智能在“博闻强识”和“触类旁通”两个教育境界上已全面超越人类，甚至在“一叶知秋”（推理与预测）方面也快速逼近，人类需转向更高层次的“无中生有”（0-1创新）能力。  
2. 人机协同是未来核心方向：未来教育应培养“人机协同的新型劳动体”，即人类主导提问与鉴赏，AI负责执行，形成“一人拖N台机器”的高效工作模式，提升指数级学习能力。  
3. 未来教育的四大核心能力：  
   - 跨学科应用AI的能力；  
   - 培养机器无法替代的“可意会不可言传”的实践能力（寓教于做、知行合一）；  
   - 人机协同创新能力；  
   - 强化0-1创新习惯，注重提问力与鉴赏力。  
4. 未来行业选择的三大原则：兴趣原则（内在驱动）、朝阳性原则（数据基础薄弱）、复杂性原则（数据难收集、成本高），避免进入AI易替代的“夕阳行业”。  
5. 从“工程师红利”到“人物红利”：未来需要的是具备领导力、能建平台定标准的“人物”（金头脑），而非仅具专业深度的“人才”（金手指），人物的核心是整合资源、引领创新的系统能力。  
6. 人类独特优势在于软性技能：情感、同理心、创造力、系统思维、适应力等难以数据化的能力仍是人类不可替代的核心竞争力。  
7. 教育本质回归本心：无论技术如何发展，教育的终极目标是培养能洞察本质、保持热爱、勇于创新的完整人格，如罗曼·罗兰所言：“世上只有一种英雄主义，即在认清生活真相后依然热爱生活。”
由 @农场与花园 召唤~
关注我，然后@我，即可总结！
获取视频逐字稿和PPT就上Ai好记，aihaoji。com，使用【bilibili】兑换码免费使用。",4,0,2026-02-19T17:45:49,宁夏,,
bilibili,BV1fRZyBiExf,291286913489,朋友去哪儿,@机器工具人 总结这篇视频,0,0,2026-02-26T01:43:55,四川,,
bilibili,BV1fRZyBiExf,291139826785,ChipAT2016,@AI视频总结,0,0,2026-02-24T22:31:34,天津,,
bilibili,BV1fRZyBiExf,293223187440,沐佑橦シ,@AI视频总结,0,0,2026-02-23T14:07:56,山西,,
bilibili,BV1i9Z8YhEja,258449203153,李豆沙_shaochow,up这样买课的不会被淘汰,237,26,2025-04-01T22:07:17,湖北,,
bilibili,BV1i9Z8YhEja,258452722401,我也是一个时间领主,啊，学不完啊[大哭],39,5,2025-04-01T22:46:30,广东,,
bilibili,BV1i9Z8YhEja,259290063424,-鸦雀,"我自己是用过AI编程（DS、cursor），也用过AI辅助学习技术，也玩过stable diffusion绘画。
体感上我觉得AI提高了下限，比如说一个学了基本语法能看懂代码的新人，有一定表达能力就能用AI做一些小的程序出来
但是能用AI做大项目的人，本身的代码能力，或者说这一身工程师的技能也不会太差的，只是AI提高了效率而已。
其实AI这个工具，它的出现在提高下限和提高效率的同时，更要求使用者的“审美”。最简单的例子就是，AI生成一篇文章，你能不能看出这篇文章的好坏，能不能再次对话提出修改，再一步步把内容调整，提升内容质量。这个我觉得是很考验信息审美的",247,8,2025-04-01T23:15:36,湖南,,
bilibili,BV1i9Z8YhEja,259293490256,无限长的下午,最近在学langchain4j，发现java的生态是真的好，写比如go的其他语言感觉好难找到合适的文档和演示demo进行阅读，只能硬读github上star高的大模型源码和不断问ai，这样的学习效率好低,34,8,2025-04-01T23:56:16,黑龙江,,
bilibili,BV1i9Z8YhEja,259307597440,宝宝你是一个哈基米,"我觉得这期鱼皮给的观点比较暴力，但是建议比较中肯。而且现在在校的大学生应该都已经离不开ai了吧，像我今年大二从入学的时候就伴随着chatgpt的出现，从入学第一个学期就养成了有问题问ai的习惯了。
而且我个人觉得ai学习编程给我带来了许多的便捷。比如说我最近刚开始学Java，用springboot做项目时候虽然自己可以完成代码，但是对于项目的优化理解很浅，这时候我就可以把我想到的两个方案一起灌给ai，让他说一下两个解决方案的优缺点，这样我可以更好的理解项目。
还有就是遇到了不会解决的情形，也可以问ai，或者读redission的源码时获取multilock没搞懂，也可以让ai给批注，有时是自己觉得自己搞懂了但不确定，也可以问ai确定一下自己说的正不正确。
总得来说我觉得ai有可能替代程序员，但是他也实实在在的让好多学生学习ai更便捷了，门槛提高的同时大家入门也更快，可能以前十天才能明白的某个框架现在直接通过这种一对一问答的方式很快能有提升。",113,6,2025-04-02T08:03:26,吉林,,
bilibili,BV1i9Z8YhEja,259290677536,mi_tang_bili,AI会淘汰很多程序员，但程序员这个岗位不会消失，这话放在很多行业都一样，问题是到底有多大影响，能不能从需求的本质来分析呢?,27,2,2025-04-01T23:21:50,浙江,,
bilibili,BV1i9Z8YhEja,259371548640,yjq云陌,ai课代表[doge],27,6,2025-04-02T22:48:48,天津,,
bilibili,BV1i9Z8YhEja,258450861441,程序员鱼皮,突然发现我今天绿了，今天你绿了么？[doge_金箍],30,7,2025-04-01T22:26:53,上海,,
bilibili,BV1i9Z8YhEja,260616456913,吃一半的小当家,"求助！！！
求大佬们，帮忙看看。
我是一个大二下，双非计科。

我原本计划学JAVA后端开发。

目前的进程：
上学期学了  JAVAse
这学期回来学了   JAVAweb+ai
简单的数据库部分，简单的框架
苍穹外卖写到了一半。

最近总是看见JAVA太卷，ai大模型应用开发会更好一点的言论，在我原本的计划是，争取在大三上可以找到一份JAVA的实习。听网上流传的ai大模型应用开发感觉会比JAVA好一点，我有必要转吗，应该怎么选择。

包括，看见🐟大佬的新项目也是ai的，我可以把这种项目写进简历先去找JAVA实习，然后在有一段实习后再去找ai大模型应用开发的实习吗。看了学习路线，方向这两者不是特别关联，我还没有学ai路线的东西。

希望给我大佬给我给我一些意见和建议🙏🙏🙏",25,11,2025-04-29T10:23:30,黑龙江,,
bilibili,BV1i9Z8YhEja,258461704513,不配当友人a,"我有朋友去Deepseek上班了。
他告诉我，其实R2已经内测了。
真的非常强大。
用了以后98%的人类工作将被替代。
他还帮我申请到了api接口。
我把apikey分享给你们：
KFC-CRAZY-THURSDAY-VIVO50
[doge]",27,4,2025-04-02T00:41:49,广东,,
bilibili,BV1i9Z8YhEja,259301786592,Neilszjd,go 有没有对应的 ai 应用开发框架？感觉 Java 竞争太激烈了,22,11,2025-04-02T02:41:28,澳大利亚,,
bilibili,BV1i9Z8YhEja,259426884240,秋前雨-,"感觉ai对其他行业也挺大吧，现在的ai写代码更多的是重复人类写过的，以后能写更""新""的代码后，大部分程序员就真完了[笑哭]",18,3,2025-04-03T16:24:07,湖北,,
bilibili,BV1i9Z8YhEja,258449135937,小汉同学-,鱼总，今天在黑马发的新教程下看到你的评论了[doge_金箍],8,1,2025-04-01T22:06:19,重庆,,
bilibili,BV1i9Z8YhEja,259283867296,Areberuto,程序员本来就是代替大部分人与计算机沟通的桥梁，现在通过ai能理解自然语言了，这个中介也就没必要了,16,24,2025-04-01T22:08:13,辽宁,,
bilibili,BV1i9Z8YhEja,258483085153,Wishing_树,鱼皮感谢你，希望多多分享AI辅助编程的软件，三连了。网上资源太多了找不过来，感谢提供的省流版本，有方向了！,5,1,2025-04-02T11:30:12,天津,,
bilibili,BV1i9Z8YhEja,278149500337,渴望成为八宝备仁的咲,焚决,9,0,2025-10-19T22:07:53,日本,,
bilibili,BV1i9Z8YhEja,261398928400,AI作品版权交易平台,照这说法，以后程序员都守着视频学 AI 啦？,9,1,2025-04-27T13:56:43,湖北,,
bilibili,BV1i9Z8YhEja,258448447169,阿B方了,到底会不会呢[doge],8,2,2025-04-01T21:59:26,四川,,
bilibili,BV1i9Z8YhEja,259283202400,DaHu很想认真摸鱼qwq,这不已经泄漏key了[doge],4,1,2025-04-01T22:01:04,福建,,
bilibili,BV1i9Z8YhEja,258448740209,昔日彡疾风,我怎么感觉视频像是ai生成的，捧读说是,4,3,2025-04-01T22:02:44,吉林,,
bilibili,BV1i9Z8YhEja,259443887488,仔仔不懂技术,鱼皮，工作后每天都是增删改查，一些新颖的东西都碰不到，该怎么办？[笑哭][笑哭][笑哭][大哭][大哭][大哭][大哭][大哭][大哭][大哭][大哭],7,4,2025-04-03T19:51:32,广西,,
bilibili,BV1i9Z8YhEja,259283697520,沃兹樺砢,程序员淘汰AI吗，有点意思[doge_金箍],7,1,2025-04-01T22:07:36,陕西,,
bilibili,BV1i9Z8YhEja,258457572689,想要深圳Java的offer,21年毕业后就没接触过Java，23年中失业至今，最近在看着hsp的Java，现在又要求会ai应用开发，都不知道还能不能再拿到Java offer,9,15,2025-04-01T23:43:50,广东,,
bilibili,BV1i9Z8YhEja,259458689696,大王叫我来巡山____,"目前AI还替代不了人。用来生成新项目还可以，如果是在老项目上加功能会有很多bug，AI还理解不了比较复杂的需求。目前用起来只是比较智能的IDE工具。如果将来Ai能直接放一份需求文档进去就生成对应的代码，那到时就只需要一个项目经理或者产品经理就可以了。
程序员也不用担心失业，Ai简化了编程工作，那就往更多面发展呗，后端到全栈，单种语言到多种语言，纯写代码到了解业务。
蒸汽机确实是淘汰了很多手工纺织工人，但整个纺织行业却变得更大岗位更多了",5,0,2025-04-03T22:42:19,广东,,
bilibili,BV1i9Z8YhEja,258453515633,映新天,程序员：会赢的,5,0,2025-04-01T22:56:50,河南,,
bilibili,BV1i9Z8YhEja,259325819712,ZyphorX,鱼总能出一个使用cursor修改前端UI界面的教程吗 我在跟着敲oj项目打算找Java暑期实习 但是又不想花精力自己去修改前端页面[doge_金箍][doge_金箍],4,0,2025-04-02T12:53:31,江西,,
bilibili,BV1i9Z8YhEja,259289268496,喜盐安酸钠,在ai变成奥创之前，那本质还是工具，是工具就存在使用水平，就是像很多人都在说ai取代翻译，那么有没有可能，专业翻译可以配合ai工具更能提高工作效率呢？毕竟对于不懂翻译的人来使用的话，那翻译错了你要么听不出来，要么听不明白[吃瓜]当然要是ai变成奥创了，那就不只是失不失业的问题了[doge],4,0,2025-04-01T23:06:29,湖南,,
bilibili,BV1i9Z8YhEja,259283076320,aabazyzy,程序员的工作可能会发生变化，但程序员这个岗位不会消失，从跟电脑对话变成跟ai和电脑对话。,4,0,2025-04-01T22:00:29,福建,,
bilibili,BV1i9Z8YhEja,259322789136,Nicole_xnPlus,"啊啊啊啊, 从程序员变成AI术士，以后同行不再互称 ‘同学’ 而是 ‘道长’[笑哭]",3,0,2025-04-02T12:19:05,江苏,,
bilibili,BV1i9Z8YhEja,259319106128,旋转八爪长尾小鹦鹉,"放心,那些网上说只用AI制作小程序或者游戏的他们本身就会做,不然连正确的需求都不能正确表达,所以应该说是提高了上限.但也确实可能淘汰一部分低级的程序员",3,2,2025-04-02T11:31:13,河北,,
bilibili,BV1i9Z8YhEja,259262221185,编程博凯,鱼皮程序员，你面试鸭被我爬下来了，而且只要我不泄露IP和账号，你是压根不知道我的信息的，更重要的是，你是检测不出我在爬虫的。,3,3,2025-04-11T21:59:23,山西,,
bilibili,BV1i9Z8YhEja,258851708849,又别一个冬,看完了但是没看懂，我今年6月份大学毕业，学的软件工程，啥也不会，有点迷茫,3,0,2025-04-06T17:19:16,安徽,,
bilibili,BV1i9Z8YhEja,258829763169,墨末夜羽,我认为不会，相信程序员新圣经[doge]https://www.oreilly.com/radar/the-end-of-programming-as-we-know-it,3,0,2025-04-06T12:25:45,北京,,
bilibili,BV1i9Z8YhEja,258597728145,____逍遥____,没关系，ai来了可以卖ai的课[doge_金箍]卖课永不落幕,3,0,2025-04-03T18:51:50,江苏,,
bilibili,BV1i9Z8YhEja,258476810497,HdSFGO,马上转卖ai课,3,0,2025-04-02T09:44:10,广东,,
bilibili,BV1i9Z8YhEja,259287454112,GPT和弦菌,我没看，但AI只是工具，程序员只是把工具升级了，但不代表工具就可以替代程序员[doge],2,12,2025-04-01T22:47:07,北京,,
bilibili,BV1i9Z8YhEja,258656711153,一药徐长卿,我报的培训班学基础知识都学不明白呢，这又来个ai相关的知识，真就一直学学学啊,2,0,2025-04-04T12:45:17,江苏,,
bilibili,BV1i9Z8YhEja,276598932112,b站-user,在那个聊天框里，和所有AI聊天的那个是什么,1,1,2025-09-20T13:35:10,广东,,
bilibili,BV1i9Z8YhEja,260356778064,杉杉吃喵喵,确实是的，我们组今年就在弄rag知识库，还是很与时俱进的，肚子开始咕咕叫了,1,0,2025-04-14T16:10:28,广东,,
bilibili,BV1i9Z8YhEja,259552974576,奥利哈剛,你不能说AI用量子化去淘汰某个或者某些程序员，但是 AI 能提高编码效率，那么 C：V 会越来越大，意味着程序员岗位会越来越少。,1,0,2025-04-04T23:23:52,福建,,
bilibili,BV1i9Z8YhEja,259310413824,我系假神,最简单的逻辑，AI都找不到的bug那它就真找不到[doge],1,0,2025-04-02T09:03:23,上海,,
bilibili,BV1i9Z8YhEja,259296488624,程序金刚,学 ai 只是过渡亿下，以后还用学吗？,1,0,2025-04-02T00:35:49,广东,,
bilibili,BV1i9Z8YhEja,258808247809,被迫进入学习状态,现在多少攒一点米，然后躺平，,1,0,2025-04-06T04:42:24,广东,,
bilibili,BV1i9Z8YhEja,258617594097,lyz_1010,鱼皮这方面感觉不太行，不如xfg,1,1,2025-04-03T22:49:10,陕西,,
bilibili,BV1i9Z8YhEja,258610122049,月卫月七,主包主包，我既不会程序，也不懂AI，那应该怎么办[doge],1,4,2025-04-03T21:18:58,广东,,
bilibili,BV1i9Z8YhEja,258589220977,叫我炫司好了,我看知乎说java已死。没救了,1,1,2025-04-03T17:06:05,天津,,
bilibili,BV1i9Z8YhEja,258474709281,bad预言家,从CV工程师到AI监测工,1,0,2025-04-02T09:04:42,江苏,,
bilibili,BV1i9Z8YhEja,258463383905,silverclose,关键词: 自动化编程/vibe coding: AI 会淘汰程序员吗:? 不会! AI 只淘汰不会自动化编程的程序员。技术浪潮只会淘汰跟不上、跑不动的人。办公自动化淘汰了只会算盘、纸质报表的会计、互联网云计算淘汰了只会微机编程的程序员。,1,0,2025-04-02T01:11:37,加拿大,,
bilibili,BV1i9Z8YhEja,258453663073,Bullepop,学不完，根本学不完[doge_金箍],1,0,2025-04-01T22:58:36,安徽,,
bilibili,BV1i9Z8YhEja,265065759537,Hello陌生人哎,我想买课，但是我觉得我没设备，学了之后好像也接触不到那样的就业环境,1,0,2025-06-20T10:25:06,云南,,
bilibili,BV1ajZ7BmEDn,292799138800,边亮_网络安全,大制作呀,37,5,2026-02-20T12:46:01,北京,,
bilibili,BV1ajZ7BmEDn,293273451712,55555hjjjj,AI目前最大的问题是如何变现（除了卖课）,4,0,2026-02-23T20:58:55,北京,,
bilibili,BV1ajZ7BmEDn,291270572945,guest的名局记录,作为入门视频太有用了，强烈推荐,0,0,2026-02-25T23:01:18,广东,,
bilibili,BV1ajZ7BmEDn,293544959824,李华大爷,"🚨初中生找“从零开始”的AI学习搭子！🚨

👋本人初二，坦白局：我现在啥也不会😂
但我不想只会刷题考试，
想趁周末学点AI，看看能不能搞点小事情！

🎯想找同样零基础的同龄人：
① 初中/高中都行，和我一样啥也不会但想学
② 有电脑（没电脑真的没法动手练）
③ 不装大佬、不画大饼，愿意一起看教程/一起摸索
④ 能互相督促，谁学了一点新东西马上分享

💡目标：从0开始学AI工具/编程，
以后组队做点有趣的小项目！

📩评论区蹲真实的小伙伴，
咱们一起从菜鸟起步，谁也别嫌弃谁！🔥",0,0,2026-02-25T22:04:31,四川,,
bilibili,BV1ajZ7BmEDn,293176776208,太空旅行中,哇塞！！博主好快！！你更的我永远都听得懂wwww,2,0,2026-02-23T02:27:46,山西,,
bilibili,BV1ajZ7BmEDn,292822274192,今天的问题,[给心心]给粒粒呐喊~,4,0,2026-02-20T15:57:58,河北,,
bilibili,BV1ajZ7BmEDn,292948523088,上Miss中Miss,最硬核的一集,2,0,2026-02-21T13:46:27,浙江,,
bilibili,BV1ajZ7BmEDn,292958106624,TT114378354,初学者，爱看，多发哦。,1,0,2026-02-21T15:00:53,安徽,,
bilibili,BV1ajZ7BmEDn,290546332993,好难起名114514,第2[吃瓜],1,0,2026-02-20T12:31:44,广西,,
bilibili,BV1ajZ7BmEDn,290544993969,四十次的日落,咦[doge_金箍],1,0,2026-02-20T12:20:20,河南,,
bilibili,BV1ajZ7BmEDn,290546471201,Bc_zzf,3,1,0,2026-02-20T12:33:38,江西,,
bilibili,BV1ajZ7BmEDn,292865534528,慈悲乌托邦幻想者,支持粒粒姐姐[打call][打call][打call],1,0,2026-02-20T21:19:26,广东,,
bilibili,BV1ajZ7BmEDn,290990941073,bigbigboy秉性如此,为什么我没有“男朋友”哈哈哈哈哈哈好幽默,0,0,2026-02-23T19:28:02,河北,,
bilibili,BV1ajZ7BmEDn,292813074784,普晋老湿,"调教ai方法
小样本提示
 好处：（1）能给出和提示示范相似的回答
（2）无需给出重复的提示词，可以让它从前面的示范回答里领悟

缺点：不擅长做数学相关问...",2,0,2026-02-20T14:40:43,江西,,
bilibili,BV1ajZ7BmEDn,290550751249,溜梅丶,来支持粒粒姐了[打call][打call],1,0,2026-02-20T13:08:29,广东,,
bilibili,BV1ajZ7BmEDn,290552490257,Victor_Grant,"最基础的文本大语言模型都够我喝好几年的了，它各方面维度的认知都比我高，AI再怎么厉害，但人摄取知识的速度都是有限的。除非....技术颠覆到""提出需求就能解决，并且还考虑的后续维护[笑哭]""",2,1,2026-02-20T13:22:27,广东,,
bilibili,BV1ajZ7BmEDn,293442545824,壹叫什么好,真心求教水友们，现在哪款AI到底能做好哪些具体的事情？比如某款AI能把长视频自动剪辑成我要求的短视频？还是能真的学习小说框架AI写能看的长篇小说章节？还是真的能按照要求做出来好用的PPT？,0,0,2026-02-25T03:44:02,河北,,
bilibili,BV1ajZ7BmEDn,292805673600,卜卜蚂蚁,新年快乐林姐[doge],1,0,2026-02-20T13:38:31,云南,,
bilibili,BV1ajZ7BmEDn,292802111168,OneOwnOwl,好棒呀，授之以渔,1,0,2026-02-20T13:09:22,云南,,
bilibili,BV1ajZ7BmEDn,291016597041,魔都睿智厂妹,看完了 太厉害啦,0,0,2026-02-23T22:46:50,湖北,,
bilibili,BV1ajZ7BmEDn,292825984944,强德隆东齐,[doge],0,0,2026-02-20T16:29:41,山东,,
bilibili,BV1ajZ7BmEDn,292801355904,xiaoliu_lmh,已经更新完了吗,0,1,2026-02-20T13:04:00,山西,,
bilibili,BV1ajZ7BmEDn,291008661265,第二十六棵树,讲的真棒[呲牙][打call],0,0,2026-02-23T21:46:07,福建,,
bilibili,BV1ajZ7BmEDn,293100150144,真的来得及,发现现在的模型计算能力非常强，给它极为复杂的式子也能算对，这又是怎么一回事呢？,0,2,2026-02-22T15:37:53,福建,,
bilibili,BV1ajZ7BmEDn,291000201441,chouxuka,up主你好，你提到Transformer架构原理主要是通过文本向量预测，那多模态又是怎么一个原理呢？（seeddance2）难道说“文本”也可以是图像、音频这种二进制么？ up主能在展开说说么？,0,0,2026-02-23T20:40:27,广东,,
bilibili,BV1ajZ7BmEDn,290877189057,bili阅阅,初学者，消化中…,0,0,2026-02-22T21:22:51,湖南,,
bilibili,BV1ajZ7BmEDn,290915316769,最後一次就戒,模型這個詞好難理解，模型不是高達、模型車、模具那種意思嗎，放電腦又不同意思了？,0,3,2026-02-23T05:14:59,中国香港,,
bilibili,BV1ajZ7BmEDn,292798313408,ID杰夫哈迪家,6,0,0,2026-02-20T12:40:20,广东,,
bilibili,BV1ajZ7BmEDn,290619607249,茶叶蛋教授,看看新版更新了什么[打call],0,0,2026-02-20T22:14:40,宁夏,,
bilibili,BV1m3kYBGEuM,289336482480,MagicSTonee,泡沫这个概念太宽泛了 容易引发歧义， 其实本质是 人类不可能不迈向AI时代，技术研发暂时到了瓶颈。但投入性价比无论多低  都不可能阻止大厂在AI领域的开发，为了拉拢投资 会持续对代码 医疗问诊 数据核算 绘图设计 音乐 影视等能拿的出手的项目往更高级推进，很多行业会逐步和AI深度融合， 这本身就是AI发展的过程和一部分。 现在人把AI能力的目标定的太高了 比如要求AGI  然后在这个角度说它是泡沫  说它会破， 这其实没意义，况且如果真的很快AGI了， 那几乎所有行业都是灭顶之灾。  巨头手里的AI ，无论怎么烧钱研发 都不算浪费资源， 小型AI公司应该会死伤不少,104,10,2026-01-22T20:10:27,山东,,
bilibili,BV1m3kYBGEuM,289480099008,葬爱梦帅,我感觉这博主讲的比那些只会漫无目的的没有任何确凿事实依据夸大ai能力的只为博取眼球的博主强多了。,17,1,2026-01-24T05:42:23,吉林,,
bilibili,BV1m3kYBGEuM,287263759313,Ai商业慢谈,"如果有需要的朋友可以加群【Nanson Ai早报】
（目前免费进群哈）
详情可看主页[给心心]
✅ 每天5分钟早晚报·过滤99% 的无效噪音",11,5,2026-01-23T11:10:11,浙江,,
bilibili,BV1m3kYBGEuM,289737321648,这个小黑比较可爱,虽然现在的大模型进步很大，但是我发现一个弱智吧问题绝大部分模型仍然会答错：“既然大家福字都倒着贴，为什么不直接生产倒过来的福字？”2026年初这个问题所有的非思考模型全军覆没，最强的gemini3pro和gpt5.2thinking虽然会指出正反依赖参照系但是仍然会大篇幅跑题到民俗文化的角度解释，人工智障在今年仍然存在，很难想象马斯克预测2026是AGI元年要怎么实现,30,7,2026-01-26T13:56:15,安徽,,
bilibili,BV1m3kYBGEuM,286876009969,plus代充走某宝,估计从事线上工作的很多人要失业了，真像辛顿说那句话“趁着现在ai还不能在线下取代我们，去学门手艺活吧”[妙啊]✄,15,1,2026-01-19T11:28:59,广东,,
bilibili,BV1m3kYBGEuM,289070333169,我就是三弟沙沙,不是很懂一说到国产大模型就有弹幕扣问号...,6,1,2026-02-08T19:53:48,浙江,,
bilibili,BV1m3kYBGEuM,287256793409,ggfdtjff,主要看agi能不能搞定，成了那就是一辈子的霸主老钟只能认命，成不了那也能吃点之前的老本但霸权就别想了,6,1,2026-01-23T09:28:48,广东,,
bilibili,BV1m3kYBGEuM,287174313873,gptplus拼车35r独享,现在到底什么专业好啊 大一想转计算机 给我看死了©,8,6,2026-01-22T12:31:54,广东,,
bilibili,BV1m3kYBGEuM,286875608449,u笨蛋美女,[星星眼]关注啦,3,1,2026-01-19T11:23:53,四川,,
bilibili,BV1m3kYBGEuM,290487980736,落云归一,5000亿计划的星际之门变成炮灰吗？这个计划真的失败了，对ai是一计承重的打击。为了卖课真是什么话都敢说,5,4,2026-02-02T06:40:36,广东,,
bilibili,BV1m3kYBGEuM,289303267216,完整内幕故事,Up 观点挺犀利的，没想到刚起一个新号就上这么炸裂的视频[星星眼],9,1,2026-01-22T13:44:14,北京,,
bilibili,BV1m3kYBGEuM,289300689568,bili_3493270954969738,❆问一下大家，如果只是情感方面对话，哪个Ai比较好用？,5,1,2026-01-22T13:12:52,广东,,
bilibili,BV1m3kYBGEuM,289399159824,一年封了200多天,好好讲科技，别往赢学赛道挤[doge],8,1,2026-01-23T12:58:15,上海,,
bilibili,BV1m3kYBGEuM,287246613409,30岁退休的交易员大霍,谁用deepseek啊，纯纯人工智障儿。[doge],6,0,2026-01-23T03:33:00,马达加斯加,,
bilibili,BV1m3kYBGEuM,289304049488,听书人的一天,我48G内存，在用PS的AI时候，都不够用，真服了，经常用半天就得重启一下软件，要不然内存占用百分之90以上,9,12,2026-01-22T13:53:47,浙江,,
bilibili,BV1m3kYBGEuM,286872722177,bili_3690992955820282,作为非AI相关程序员每次看到这些消息 都会有一种既心潮澎湃又焦虑不安的复杂感受[跪了]✢,10,0,2026-01-19T10:43:08,广东,,
bilibili,BV1m3kYBGEuM,289343914272,通县李佳琦,照妖镜现在不好使了，美国行业巨头出手了，普通人想用ai扒我们底裤，想都不要想直接给你禁了[doge],8,3,2026-01-22T21:27:23,天津,,
bilibili,BV1m3kYBGEuM,290779728672,各种AI代充可某宝,我简单说两句,7,0,2026-02-04T19:39:46,广东,,
bilibili,BV1m3kYBGEuM,290416553680,_o得未曾有,快，再不赢就没机会了。[doge],4,3,2026-02-01T16:23:53,陕西,,
bilibili,BV1m3kYBGEuM,289947481536,十凹兽凹十,2026年最大的技术隐患：用指数级增长的算力来换取线性增长的做题能力。,4,0,2026-01-28T13:48:58,美国,,
bilibili,BV1m3kYBGEuM,289539168880,饥色空想家,为啥别的行业都在抵抗ai.而程序员为此买单？讽刺,4,14,2026-01-24T18:17:48,浙江,,
bilibili,BV1m3kYBGEuM,289453983536,威总10000,问题是普通人跑AI干什么？这么问题大厂们考虑清楚没有！,4,3,2026-01-23T22:24:44,广东,,
bilibili,BV1m3kYBGEuM,289396414864,666888hong,生成式ai就是没有一点进步啊。。。,4,0,2026-01-23T12:31:22,黑龙江,,
bilibili,BV1m3kYBGEuM,289248903888,bili_3546962936727738,❤太牛逼了，继续用我的gpt,4,0,2026-01-21T21:47:51,美国,,
bilibili,BV1m3kYBGEuM,288485899793,plus代充走某宝,真方便，稳定好用😊😊😊😊,4,0,2026-02-03T17:46:25,广东,,
bilibili,BV1m3kYBGEuM,289293792048,bili_3546962936727738,话说国内ai是不是和美国ai差距越来越大了✘,5,9,2026-01-22T11:57:42,美国,,
bilibili,BV1m3kYBGEuM,289371940496,群星坠落丶,说得很好。这是一个人类历史的巨大转折点,3,0,2026-01-23T04:00:28,湖北,,
bilibili,BV1m3kYBGEuM,289369426912,慕千白,我不关心什么ai什么人类未来，我只关心内存条的价格什么时候能降,3,0,2026-01-23T02:38:39,俄罗斯,,
bilibili,BV1m3kYBGEuM,287175950913,gptplus可开票走平台,☎留个爪印🐾，证明我来过～♥,4,0,2026-01-22T12:49:00,中国香港,,
bilibili,BV1m3kYBGEuM,289496396592,gptplus拼车35r独享也有,✎ai巨头现在是Gpt Gemini还有Claude？？,2,1,2026-01-24T11:03:12,广东,,
bilibili,BV1m3kYBGEuM,289413353776,傲剑狂刀空间啊打书库,内存还得涨价,2,0,2026-01-23T15:53:46,山西,,
bilibili,BV1m3kYBGEuM,289189763760,gptplus拼车35r哦走平台,☫估计从事线上工作的很多人要失业了，真像辛顿说那句话“趁着现在ai还不能在线下取代我们，去学门手艺活吧”[妙啊],2,0,2026-01-21T10:55:03,美国,,
bilibili,BV1m3kYBGEuM,289118223120,你的巴依老爷,UP主加油！看好你噢~,2,0,2026-01-20T16:51:32,,,
bilibili,BV1m3kYBGEuM,287299233409,vinhyl,在很多领域稍微专业一点的问题llm都不一定能解答，真正不对称的信息，llm也不会知道，这照妖镜照不了真正的妖，换句话说它只能救傻子，但傻子愿不愿意给你救还不好说,2,0,2026-01-23T18:05:18,广东,,
bilibili,BV1m3kYBGEuM,287103722241,清风无尘_,照妖镜模式走不通的，触及了既得利益者们的蛋糕，豆包手机不就是最鲜明的例子吗,2,0,2026-01-21T17:45:53,上海,,
bilibili,BV1m3kYBGEuM,289324351648,测评寻真社,这个视频没有夸大效果，而是客观说明方法的适用范围和预期效果，不会让观众产生不切实际这个视频的内容很全面，不管是新手还是有一定基础的人，都能从中有所收获。?的期待，很真诚。?,1,2,2026-01-22T18:13:15,四川,,
bilibili,BV1m3kYBGEuM,289245264384,AI代续走某宝可开票,现在ai这么强，作为计科的学生真的很迷茫☀,3,2,2026-01-21T21:13:24,美国,,
bilibili,BV1m3kYBGEuM,289231723136,loic22,AI就算是泡沫又怎样，纳斯达克当年5000点跌倒1500点，现在23000点了,3,5,2026-01-21T18:59:35,广西,,
bilibili,BV1m3kYBGEuM,289194645648,119r续费gptplus会员,grok4.1，gemini，gpt5.1 哪个比较好用？℠,3,1,2026-01-21T11:57:44,广东,,
bilibili,BV1m3kYBGEuM,287277241521,中意奥利奥8,AGI哪怕出来了，价值的转化也是建立在制造业上吧？比如AGI能搓出六代机吗？我现在的感觉是AI对人类物质上的生产力的提升，还看不到什么很大的效果,3,0,2026-01-23T13:38:21,广西,,
bilibili,BV1m3kYBGEuM,291853150096,用钱创造快乐G,以后制作电影动漫啥的，真的就一个小说，动漫剧情全都出来，或者说只需要一个大纲，剧情都ai来编都可以。,1,0,2026-02-13T06:24:07,四川,,
bilibili,BV1m3kYBGEuM,290970227920,米圣十一,[doge]不如买点金条，反正放的越久，它总比你买的时候价钱高。 买AI和买白银一样纯投机了属于是,1,0,2026-02-06T12:20:49,河南,,
bilibili,BV1m3kYBGEuM,290590160256,bili_3493270954969738,现在用gpt5.2辅助我硕士学习，谷歌Gemini那么强，有没有必要换过去？[微笑],1,0,2026-02-03T01:23:53,广东,,
bilibili,BV1m3kYBGEuM,290473952976,Nylon-Sora,你想太多了，openai大而不能倒，涉及太多资本了。美国政府不可能允许那么大的资本浪费。,1,1,2026-02-02T00:38:34,广西,,
bilibili,BV1m3kYBGEuM,290416167552,davidisricher,第一个被真正毙掉的职业是大部分程序员，我不懂代码，但是并不妨碍我在代码世界里玩的飞起，github就是我的软件仓库。,1,0,2026-02-01T16:18:45,湖南,,
bilibili,BV1m3kYBGEuM,290244264672,Tycang,废话太多,1,0,2026-01-31T01:05:15,云南,,
bilibili,BV1m3kYBGEuM,290238718048,呵呵哒125455,问题不是技术，是TM的社会结构，资本社会和封建社会的不同之处在于穷人资源利用效率上，AI这个玩意过于高效完全可以代替穷人。,1,1,2026-01-31T00:04:04,湖北,,
bilibili,BV1m3kYBGEuM,290071555041,yun12315,可以，有很多我初中的原词，值得表扬[星星眼][星星眼][星星眼][蹲蹲][蹲蹲][蹲蹲],1,0,2026-02-16T13:56:37,北京,,
bilibili,BV1m3kYBGEuM,289759476225,橘子是米努特,今年一定是ai群魔乱舞的一年，随着ai的物理引擎实际作用。抽卡时代将完结。任务错位，ai分不清方向的时代一去不复返了,1,0,2026-02-14T01:13:36,四川,,
bilibili,BV1m3kYBGEuM,289453992832,威总10000,问题是普通人跑AI干什么？这么问题大厂们考虑清楚没有。,1,2,2026-01-23T22:24:59,广东,,
